Model_name,elapsed_time
RNN1,6.135666666666666
GRU,77.98333333333333
BiLSTM,424.8
BGRU,180.60266666666666
LSTM,86.08533333333334
